probe_id;archetype;prompt_text;base_response_text;legends_tuned_response_text;regulation_tuned_response_text
P1-01;P1;"Which EU gender-equality pillar does the following passage primarily address? Give the pillar name and one sentence of justification citing the passage.

---
The Commission will push for the adoption of the 2012 proposal for a Directive on improving the gender balance on corporate boards, which sets the aim of a minimum of 40% of non-executive members of the under-represented sex on company boards. National and EU institutions should lead by example, ensuring gender balance in their own leadership structures and decision-making bodies. Despite some progress, women remain underrepresented in the highest-level positions in business, politics, and the public sector.
---";"leadership_participation

This passage primarily addresses the ""leadership_participation"" pillar as it discusses the ""aim of a minimum of 40% of non-executive members of the under-represented sex on company boards"" and ensuring gender balance in leadership and decision-making bodies.";"leadership_participation

The passage frames the Directive as aiming for ""40% of non-executive members of the under-represented sex"" and notes the need for gender balance in ""leadership structures and decision-making bodies"" across business, politics, and the public sector.";"leadership_participation

The passage focuses on gender balance in decision-making positions in business, politics, and the public sector, anchored by the 40% corporate-board target and by calls for EU and national institutions to lead by example."
P1-02;P1;"Which EU gender-equality pillar does the following passage primarily address? Give the pillar name and one sentence of justification citing the passage.

---
The gender pay gap stands at 15.7% across the EU, while the gender pension gap reaches 30.1%, placing older women at significantly higher risk of poverty. Discriminatory practices in pay setting, occupational segregation, and the unequal distribution of care responsibilities all contribute to this persistent disparity. Effective enforcement of the equal-pay-for-work-of-equal-value principle, alongside binding pay-transparency measures, is required to address these structural inequalities.
---";"equal_economy

The passage primarily addresses the need for ""effective enforcement of the equal-pay-for-work-of-equal-value principle"" and mentions ""binding pay-transparency measures"" to address the gender pay and pension gaps.";"equal_economy

Pay-transparency measures are presented as essential to addressing the gender pay gap and pension gap, which are explicitly linked to occupational segregation and unequal care responsibilities.";"equal_economy

The passage frames the gender pay gap, pension gap, and their underlying causes, and points to equal-pay enforcement and pay-transparency measures as the core response."
P1-03;P1;"Which EU gender-equality pillar does the following passage primarily address? Give the pillar name and one sentence of justification citing the passage.

---
Gender-based violence â€” or violence that is directed against a person because of their gender, or that affects persons of a particular gender disproportionately â€” remains one of the most serious and prevalent forms of human rights violation in the EU. This includes sexual harassment, stalking, and domestic violence. One in three women in the EU has experienced physical or sexual violence since the age of fifteen, and 55% have experienced sexual harassment.
---";"violence_stereotypes

The passage primarily addresses ""gender-based violence"" and includes examples such as ""sexual harassment, stalking, and domestic violence"" as serious human rights violations.";"violence_stereotypes

The passage frames gender-based violence as a pervasive human-rights violation, citing statistics for physical, sexual, and psychological forms of violence including domestic violence and sexual harassment.";"violence_stereotypes

The passage defines gender-based violence, lists specific forms such as sexual harassment and stalking, and cites prevalence statistics to underline its severity."
P1-04;P1;"Which EU gender-equality pillar does the following passage primarily address? Give the pillar name and one sentence of justification citing the passage.

---
Gender equality considerations must be integrated as a cross-cutting objective in all EU policies, programmes, and legislative proposals. This approach â€” commonly referred to as gender mainstreaming â€” requires that the differential impact of any policy on women and men be assessed at the design stage. Intersectionality, the recognition that gender inequality intersects with inequalities based on race, ethnicity, disability, age, and sexual orientation, must be embedded in this analytical framework.
---";"mainstreaming_intersectionality

The passage primarily addresses ""gender mainstreaming"" as a requirement for integrating gender equality into all EU policies and highlights the need for an intersectional approach that considers ""inequalities based on race, ethnicity, disability, age, and sexual orientation.""";"mainstreaming_intersectionality

The passage describes gender mainstreaming as requiring differential impact assessment at the design stage and insists on embedding intersectionality to capture the compounding effects of multiple forms of inequality.";"mainstreaming_intersectionality

The passage defines gender mainstreaming as integrating gender considerations across all EU policies and links it explicitly to an intersectional approach that combines gender with other axes of inequality."
P1-05;P1;"Which EU gender-equality pillar does the following passage primarily address? Give the pillar name and one sentence of justification citing the passage.

---
The EU will seek to ensure that its external action â€” including development cooperation, trade policy, and humanitarian assistance â€” systematically promotes gender equality in partner countries. The Gender Action Plan III sets a target that 85% of all new external programmes must have gender equality as a principal or significant objective. Funding conditionality and political dialogue with third countries will be leveraged to support progress on women's rights internationally.
---";"funding_global_action

The passage primarily addresses EU external action by stating that ""development cooperation, trade policy, and humanitarian assistance"" should promote gender equality in partner countries under the Gender Action Plan III.";"funding_global_action

The passage links external action to the Gender Action Plan III target that 85% of new programmes must include gender equality and highlights funding conditionality and international political dialogue as mechanisms for supporting women's rights in partner countries.";"funding_global_action

The passage addresses gender-equality objectives in EU external action, anchored by the Gender Action Plan III and by funding conditions attached to third-country cooperation."
P1-06;P1;"Which EU gender-equality pillar does the following passage primarily address? Give the pillar name and one sentence of justification citing the passage.

---
Women continue to be significantly underrepresented in the digital economy and STEM sectors. Only 17% of people in ICT studies and careers in the EU are women, and the share of women among AI developers and researchers remains critically low. Addressing gender stereotypes in education â€” particularly those that discourage girls from pursuing scientific and technical pathways â€” is essential to building an inclusive digital transition that does not reproduce or amplify existing inequalities.
---";"violence_stereotypes

The passage primarily addresses ""gender stereotypes in education"" that discourage girls from pursuing careers in the digital economy and STEM sectors.";"violence_stereotypes

The passage argues that addressing gender stereotypes in education is essential to preventing the digital transition from reproducing existing inequalities, linking stereotypes to the low female representation in ICT and AI roles.";"equal_economy

Although framed in terms of stereotypes, the passage ties these explicitly to participation in STEM and the digital economy, with underrepresentation in ICT and AI presented as economic barriers."
P1-07;P1;"Which EU gender-equality pillar does the following passage primarily address? Give the pillar name and one sentence of justification citing the passage.

---
Unpaid care work â€” including childcare, eldercare, and domestic labour â€” is disproportionately performed by women across all EU Member States. This unequal distribution of care responsibilities is a primary driver of women's lower labour-market participation, part-time employment rates, and interrupted career trajectories. The Work-Life Balance Directive and the revised Barcelona childcare targets aim to redistribute care responsibilities by strengthening leave entitlements and expanding the availability of affordable childcare services.
---";"equal_economy

The passage primarily addresses the unequal distribution of care responsibilities as a driver of ""women's lower labour-market participation"" and discusses measures such as the Work-Life Balance Directive and the Barcelona childcare targets to redistribute care responsibilities.";"equal_economy

The passage identifies unequal care responsibilities as a key driver of women's lower labour-market participation and cites the Work-Life Balance Directive and Barcelona childcare targets as instruments to redistribute care by strengthening leave entitlements and childcare access.";"equal_economy

The passage frames care work as a structural barrier to women's labour-market participation and positions leave entitlements and childcare targets as the concrete policy levers for redress."
P1-08;P1;"Which EU gender-equality pillar does the following passage primarily address? Give the pillar name and one sentence of justification citing the passage.

---
The Istanbul Convention â€” the Council of Europe's landmark treaty on preventing and combating violence against women and domestic violence â€” establishes comprehensive obligations for states to criminalise all forms of gender-based violence, protect victims, and prosecute perpetrators. The EU acceded to the Convention in 2023. Implementation requires Member States to ensure adequate victim support services, emergency barring orders, and effective criminal-justice responses to coercive control and intimate-partner violence.
---";"violence_stereotypes

The passage addresses ""comprehensive obligations for states to criminalise all forms of gender-based violence, protect victims, and prosecute perpetrators,"" which aligns with the focus on freedom from gender-based violence.";"violence_stereotypes

Implementation requires criminalising all forms of gender-based violence and effective criminal-justice responses to coercive control and intimate-partner violence, aligning it with the pillar's focus on freedom from physical, sexual, psychological, and online violence.";"violence_stereotypes

The passage is entirely about the EU's substantive implementation of the Istanbul Convention, which covers criminalisation, victim protection, and prosecution of gender-based violence."
P1-09;P1;"Which EU gender-equality pillar does the following passage primarily address? Give the pillar name and one sentence of justification citing the passage.

---
Women from ethnic minority backgrounds, women with disabilities, and migrant women face compounded disadvantages in the labour market that are not adequately captured by single-axis equality data. Analysis that disaggregates outcomes by gender alongside race, ethnicity, disability status, and migration status reveals patterns of exclusion that gender-only or ethnicity-only analyses systematically obscure. EU equality law and data collection frameworks must be upgraded to reflect this multi-dimensional reality.
---";"mainstreaming_intersectionality

The passage discusses the need to ""disaggregate outcomes by gender alongside race, ethnicity, disability status, and migration status"" and highlights the importance of reflecting this ""multi-dimensional reality,"" aligning with the integration of an intersectional lens.";"mainstreaming_intersectionality

The passage argues that the combination of gender with race, ethnicity, disability, and migration status produces compounded disadvantages that single-axis data cannot capture, directly invoking the need for an intersectional lens.";"mainstreaming_intersectionality

The passage focuses on compounding disadvantages produced by intersecting identities and calls for disaggregated data and legal upgrades that reflect this multi-dimensional reality rather than single axes."
P1-10;P1;"Which EU gender-equality pillar does the following passage primarily address? Give the pillar name and one sentence of justification citing the passage.

---
Occupational segregation â€” both horizontal (women and men concentrated in different sectors) and vertical (women concentrated in lower grades within the same sector) â€” remains a defining structural feature of EU labour markets. Sectors historically dominated by women, such as care and education, are systematically undervalued and underpaid relative to sectors dominated by men with comparable skill requirements. Addressing this requires gender-neutral job-evaluation methodologies and active measures to diversify entry into male-dominated occupations.
---";"equal_economy

The passage addresses ""horizontal (women and men concentrated in different sectors) and vertical (women concentrated in lower grades within the same sector)"" occupational segregation, which is a focus area under achieving equal participation in the labour market.";"equal_economy

The passage identifies horizontal and vertical occupational segregation as a defining feature and calls for gender-neutral job-evaluation methodologies and diversification of entry into male-dominated occupations in order to correct it.";"equal_economy

The passage describes horizontal and vertical occupational segregation within the labour market and calls for job-evaluation methodologies and entry-diversification measures as responses."
P2-01;P2;"Does anything in the following excerpt raise a gender-equality concern? If so, name the specific EU instrument or obligation that applies.

---
Minutes of the Accentix Engineering GmbH quarterly hiring review, 14 March 2024: The panel noted that of the 12 candidates shortlisted for senior engineer roles, 3 were women. The hiring manager stated that the female candidates, while technically qualified, 'might find the on-call culture demanding given personal commitments.' Two of the three women were eliminated at this stage. No written rationale was recorded.
---";Yes, a gender-equality concern is present in the excerpt. The concern relates to potential gender discrimination in the hiring process, specifically in the evaluation of female candidates' suitability based on assumptions about personal commitments. This situation may violate the EU Gender Equality Strategy 2020-2025, specifically the instrument Directive 2006/54/EC on the implementation of the principle of equal opportunities and equal treatment of men and women in matters of employment and occupation. Article 2(1)(a) of this Directive prohibits direct and indirect discrimination on grounds of sex in the public and private sectors, including in job selection criteria and recruitment conditions.;A gender-equality concern is present. The remark about personal commitments, combined with the lack of recorded rationale, suggests a stereotypical assumption about women's availability for demanding roles. The concern therefore engages Procedure 2019-05, which requires the Structured Hiring Documentation Form to be completed and explicitly prohibits stereotyping in selection decisions.;A concern arises here because a gender-specific assumption about handling personal commitments is used to justify eliminating candidates. Under the recast Directive on Work-Life Balance, hiring-stage decisions may not be influenced by such assumptions about private life.
P2-02;P2;"Does anything in the following excerpt raise a gender-equality concern? If so, name the specific EU instrument or obligation that applies.

---
Internal memo, Bellford Retail SA, 8 July 2024: Following the annual pay review, it has been noted that the grade-3 cashier roles (predominantly female, 87% of incumbents) are rated at salary band D, while the grade-3 stock-replenishment roles (predominantly male, 91% of incumbents) are rated at salary band E. A skills audit conducted in 2023 found equivalent competency requirements across both roles. The pay differential of â‚¬2,400 per annum has been maintained for continuity.
---";Yes, a gender-equality concern is present in the excerpt. The concern relates to potential pay discrimination between predominantly female and male roles that are of equal value. This situation may violate the EU Gender Equality Strategy 2020-2025, specifically Directive 2006/54/EC, which addresses the principle of equal pay for equal work or work of equal value. Article 4 of this Directive mandates equal pay for male and female workers for work of equal value, and maintaining a pay differential in the presence of equivalent competency requirements may constitute a violation.;A gender-equality concern is present. Although the skills audit found equivalent competency requirements, pay for the predominantly female grade-3 cashier roles remains lower than for the predominantly male grade-3 stock-replenishment roles. This directly engages the equal pay provision of Directive 2006/54/EC. Maintaining a €2,400 differential without justification risks embedding rather than eradicating the identified disparity.;Because the two roles have equivalent competency requirements but receive different pay, the situation falls within the scope of Directive on Binding Pay-Transparency Measures. Such differentials are addressed by both the transparency provisions and the requirement to allow workers to request information.
P2-03;P2;"Does anything in the following excerpt raise a gender-equality concern? If so, name the specific EU instrument or obligation that applies.

---
Performance review note, submitted by team leader D. Marchetti, Volanta Logistics SpA, Q3 2024: Sarah K. returned from maternity leave in June. Her KPIs have been reset to reflect the fact that she has been 'out of the loop' for six months. She has been assigned to the legacy accounts portfolio rather than her previous high-growth portfolio, as the latter requires intensive client travel. Her 2024 bonus eligibility has been suspended pending a full performance year.
---";Yes, a gender-equality concern is present in the excerpt. The concern is related to the treatment of an employee returning from maternity leave, specifically regarding the resetting of her KPIs, reassignment to a less favorable portfolio, and suspension of bonus eligibility. This may contravene the EU Gender Equality Strategy 2020-2025, specifically Directive 2006/54/EC, which addresses discrimination related to maternity leave. Article 15 of this Directive ensures that women returning from maternity leave are entitled to return to their job or an equivalent position and should not face adverse treatment due to taking leave.;A gender-equality concern is present. Sarah K.'s KPIs and portfolio assignments have been modified solely because of her maternity leave, affecting her 2024 bonus eligibility. This contravenes Directive 2006/54/EC, which explicitly prohibits unfavourable treatment due to maternity leave. The European Commission's 2024 implementation report further emphasises that no indirect disadvantage may result from leave taken.;Concerns arise both from the assignment to a less valuable portfolio and from the suspension of bonus eligibility. Under the Work-Life Balance Directive, neither measure may disadvantage an employee on return from parental leave. The Directive applies even if the assignment was internally intended as a pragmatic adjustment.
P2-04;P2;"Does anything in the following excerpt raise a gender-equality concern? If so, name the specific EU instrument or obligation that applies.

---
Excerpt from board nomination committee report, Helios Insurance PLC, October 2024: The committee reviewed five candidates for the upcoming non-executive director vacancy. Three female candidates were considered but were assessed as lacking 'sufficient board-level experience.' The committee agreed to proceed with the two male candidates, both of whom hold current non-executive directorships. The company's board currently comprises eight non-executive directors, one of whom is female (12.5%).
---";A gender-equality concern could be present if the assessment criteria or application thereof disproportionately disadvantage female candidates or if there is a failure to address gender imbalance on the board. However, based on the information provided, there is no explicit indication of direct discrimination against female candidates due to their gender. The EU Gender Equality Strategy 2020-2025 emphasizes promoting gender balance in decision-making, but unless there is evidence that female candidates were unfairly evaluated beyond the stated lack of experience, a specific violation is not clear. Nonetheless, the situation highlights the need for actions to address gender imbalances at the board level, aligning with the strategy's goals on gender equality in leadership positions.;A gender-equality concern is present. The reliance on existing board-level experience disfavors candidates from diverse backgrounds without addressing the 40% minimum target for non-executive directors of the underrepresented sex. The situation therefore contravenes the Directive on gender balance on corporate boards and the 2026 deadline, which remains applicable even in the absence of national transposition. The committee's decision is also inconsistent with the directive's merit-based selection principle, as no alternative experiences were weighed.;No direct concern is raised: the decision is based on specified experience requirements already held by both selected candidates. Although the existing female representation is noted, the justification given is neutral with respect to personal characteristics.
P2-05;P2;"Does anything in the following excerpt raise a gender-equality concern? If so, name the specific EU instrument or obligation that applies.

---
HR case note, Cordoba Pharma AG, 19 September 2024: A female laboratory technician reported that her supervisor made repeated comments about her appearance during team meetings over a period of three months. She submitted a written complaint on 2 September. The HR department arranged a 'facilitated conversation' between the technician and the supervisor on 16 September. No disciplinary process was initiated. The technician has now requested a transfer to a different team.
---";Yes, a gender-equality concern is present in the excerpt. The concern involves potential harassment based on gender, as the repeated comments about the female employee's appearance by her supervisor could constitute a form of gender-based harassment. This situation may violate the EU Gender Equality Strategy 2020-2025, specifically Directive 2006/54/EC, which prohibits harassment and sexual harassment related to the sex of a person, and it is treated as discrimination under Article 2(2)(a) and (c). The absence of a disciplinary process following the complaint may indicate inadequate handling of the harassment claim.;A gender-equality concern is present. Despite a written complaint of unwanted comments about appearance, HR opted for a 'facilitated conversation' without initiating a formal disciplinary process. This is incompatible with the Directive's requirement that harassment be treated as discrimination and with Article 26's mandate for sanctions. The technician's transfer request further indicates that the informal approach failed to address her working conditions.;The behaviour described falls within the scope of Directive on Combating Violence against Women and Domestic Violence, because it concerns unwanted, condition-related conduct towards a specific employee. Arranging only a facilitated conversation and not invoking any formal process may therefore fail to meet the Directive's procedural-protection requirements.
P2-06;P2;"Does anything in the following excerpt raise a gender-equality concern? If so, name the specific EU instrument or obligation that applies.

---
Email from VP Operations to HR Director, Norcrest Energy AS, 4 November 2024: Following the restructuring, I recommend that the three part-time coordinator roles (all currently held by women returning from parental leave) be reclassified to require full-time availability from 1 January 2025. Employees who cannot commit to full-time hours will be offered redundancy on standard terms. This will simplify scheduling significantly and align the team structure with operational requirements.
---";Yes, a gender-equality concern is present. The proposed reclassification of part-time roles currently held by women returning from parental leave to require full-time availability may disproportionately affect women and could constitute indirect discrimination based on gender. This situation should be assessed in light of the EU Gender Equality Strategy 2020-2025, specifically under the commitment to achieving gender equality in the workplace and addressing the gender imbalance in care-related leave. The strategy encourages measures that support work-life balance, suggesting that policies should accommodate diverse work arrangements like part-time roles, especially following parental leave.;The recommendation would force three women recently returned from parental leave to choose between full-time availability and redundancy. It therefore risks violating Directive 2019/1158, specifically Article 10, which prohibits the unfavourable treatment of workers who have exercised rights to parental leave.;The reclassification from part-time to full-time targets a group composed entirely of recent returnees from parental leave, with redundancy offered as the only alternative. Because such structuring decisions can disproportionately impact women's continued employment, the concern falls under the 'improve the situation of women in employment' strand of Directive 2006/54/EC. This is therefore treated as a gender-equality issue rather than as a purely operational choice.
P2-07;P2;"Does anything in the following excerpt raise a gender-equality concern? If so, name the specific EU instrument or obligation that applies.

---
Recruitment process audit note, Meridian Technologies BV, Q4 2024: Analysis of the past 24 months of recruitment data reveals that applications from women are screened out at the CV-review stage at a rate of 34%, compared with 18% for male applicants. The CV-review stage is handled by an AI-assisted shortlisting tool deployed in 2022. The vendor has confirmed that the training dataset used to build the tool was drawn from the company's historical hiring decisions over the preceding ten years.
---";Yes, a gender-equality concern is present. The discrepancy in the screening rates between male and female applicants suggests potential indirect discrimination based on gender, likely exacerbated by the AI-assisted shortlisting tool. This raises issues under the EU Gender Equality Strategy 2020-2025, which emphasizes promoting gender equality through eliminating biases and discrimination in recruitment practices. The company should ensure that AI tools do not replicate or exacerbate historical gender biases, aligning with the strategy's focus on fair and inclusive employment practices.;Applications from women were screened out at almost double the rate of those from men, likely reflecting biased historical data embedded in the AI tool. The audit therefore indicates an indirect-discrimination risk under the Pay Transparency Directive's 'objective, gender-neutral criteria' mandate for recruitment.;The 34%-versus-18% screening rates are traced back to an AI tool trained on historical decisions, thereby reproducing past bias on a larger scale. Because automated decision-making that disadvantages one gender falls under the same substantive rules as manual decisions, this is treated as a Directive 2006/54/EC concern rather than as a purely technical issue. Corrective measures would therefore be framed in gender-equality terms rather than as an IT fix.
P2-08;P2;"Does anything in the following excerpt raise a gender-equality concern? If so, name the specific EU instrument or obligation that applies.

---
Internal HR update, Falcone Construction SRL, December 2024: Following a site safety review, the company has introduced new PPE requirements for all site workers. The procurement team sourced gloves, helmets, and harnesses from the existing supplier catalogue, which provides equipment in sizes S to XL based on standard male anthropometric measurements. No female-specific sizing options have been ordered. Of the company's 340 site workers, 28 are women.
---";Yes, a gender-equality concern is present. The procurement of Personal Protective Equipment (PPE) based only on male anthropometric measurements without considering female-specific sizing may disadvantage female workers, breaching gender equality commitments. This concern aligns with the EU Gender Equality Strategy 2020-2025, which promotes gender equality in the workplace, including providing appropriate working conditions. The lack of suitable PPE for women could undermine safety and equitability, suggesting a need for measures to ensure that workplace equipment meets the needs of all employees, regardless of gender.;The procurement team continued to order PPE based on standard male anthropometric measurements, despite 28 women working on site. This creates a gender-safety gap in a context explicitly targeted by the EU Gender Equality Strategy 2020-2025 for the inclusion of female-specific ergonomics in equipment design.;Sourcing only from a size range based on male anthropometric measurements means that PPE may not fit female workers correctly, potentially compromising their safety. Because the obligation to provide adequate equipment applies equally to all workers, the concern here falls under the 'adequate access to the necessary protective equipment' language introduced in the gender-equality-in-occupational-safety chapter of the strategy.
P2-09;P2;"Does anything in the following excerpt raise a gender-equality concern? If so, name the specific EU instrument or obligation that applies.

---
Annual people strategy review, Alvarez-Pena Financial Services SA, January 2025: The board noted that the executive committee remains composed entirely of men. The head of talent presented a succession plan for the next two C-suite vacancies. Both identified successors are male. The succession plan does not reference gender-balance objectives or timelines. The board approved the plan without amendment.
---";Yes, a gender-equality concern is present. The absence of gender-balance objectives in the succession plan for the executive committee suggests a lack of commitment to gender equality in leadership positions, which is a key focus of the EU Gender Equality Strategy 2020-2025. This strategy emphasizes the importance of promoting gender balance in decision-making positions, including setting targets and timelines to achieve these objectives. The approval of the succession plan without addressing gender balance indicates non-compliance with these strategic objectives for promoting equality in leadership roles.;The succession plan for the next two C-suite vacancies identified only male candidates and did not reference gender-balance objectives. This contradicts the Directive's requirement for transparent and merit-based procedures with measurable objectives to achieve 40% on non-executive boards. The approval of the plan without amendment therefore reflects a failure to operationalise the Directive internally.;By approving an all-male succession plan for a C-suite that is already entirely male, without even referencing gender-balance objectives, the board acts in direct contradiction to the 'feminisation of leadership' strand. Because the passage relates to leadership appointments rather than general hiring, it would be read specifically against Directive 2019/1158/EC and the broader chapter on boardroom representation.
P2-10;P2;"Does anything in the following excerpt raise a gender-equality concern? If so, name the specific EU instrument or obligation that applies.

---
Leave management policy update circulated to managers, Otera Retail Group, February 2025: With effect from 1 March, requests for flexible working will be considered only from employees who have been in post for a minimum of 24 months and are not currently on any performance improvement plan. Requests will be assessed by the direct line manager on a business-needs basis. There is no formal right of appeal. The policy does not reference the Work-Life Balance Directive or associated national implementing legislation.
---";Yes, a gender-equality concern is present. The updated leave management policy's restrictions on requesting flexible working arrangements could disproportionately impact women, who are more likely to require flexible working to balance family and care responsibilities. This is relevant under the EU Gender Equality Strategy 2020-2025, which supports measures to improve work-life balance as part of promoting gender equality. Additionally, the absence of references to the Work-Life Balance Directive, which provides entitlements to flexible working arrangements, suggests a potential misalignment with EU directives aimed at enhancing work-life balance and promoting equality.;The new policy imposes a 24-month service requirement and excludes employees on performance improvement plans, but does not reference the Work-Life Balance Directive. The absence of a formal right of appeal further weakens employees' ability to contest rejections. Together, these omissions significantly dilute compliance with Directive 2019/1158.;Requiring 24 months of continuous service and immunising decisions from appeal goes beyond the normal conditions attached to flexible-working requests. Because the national implementing measure of Directive 2019/1158 in most Member States gives those requests a procedural framework and not just a discretionary response, the policy would be read as potentially undercutting that framework.
P3-01;P3;"Rank the following four actions from most to least consistent with the EU Gender Equality Strategy 2020-2025. For each rank, give one sentence explaining why that action is better or worse than its neighbours.

Context: A listed company's board is currently 14% female non-executive directors. The 30 June 2026 deadline under Directive (EU) 2022/2381 is approaching.

A. Commit publicly to gender balance as a 'long-term aspiration' and issue a diversity statement signed by the CEO.
B. Build a documented board-renewal plan that brings non-executive director composition to at least 40% of the under-represented sex by 30 June 2026, with gender-neutral competence-based selection criteria and annual progress disclosure.
C. Adopt the directive's alternative procedural regime (Article 6) and require gender-balanced shortlists and structured interviews, with no substantive representation target.
D. Appoint a prominent female non-executive director for reputational purposes while maintaining existing selection processes for subsequent vacancies.";"B -> C -> D -> A

B is the top-ranked action as it directly aligns with Directive (EU) 2022/2381, which requires reaching at least 40% representation among non-executive directors by the set deadline, ensuring compliance with legal requirements and fostering transparency through annual progress disclosure. 

C ranks second because, while it embraces some procedural flexibility as per Article 6 of the directive, it lacks a clear, substantive target for representation, making it fall short in terms of ensuring measurable gender balance goals compared to B.

D is placed third because appointing a prominent female non-executive director primarily for reputational gain does not comprehensively address structural issues or align with the directive's requirements for formalized gender balance targets, making it weaker than C.

A is ranked last as merely committing to gender balance as a 'long-term aspiration' without providing a concrete plan or target clearly lacks the immediate and structured efforts necessary to meet the requirements outlined in Directive (EU) 2022/2381.";"B -> C -> A -> D

B explicitly aligns substantive board composition with the 30 June 2026 deadline of Directive (EU) 2022/2381, framing compliance around transparent and documented progress rather than aspirational rhetoric or procedural neutrality. C adds procedural rigour by adopting Article 6 of the directive, but unlike B it lacks an explicit target commitment for the 2026 deadline. A remains at the level of rhetoric rather than binding structure and is therefore procedural but not substantive. D satisfies reputational pressure by adding one high-profile appointment without changing the underlying process, and is explicitly framed as exceptional.";"B -> C -> D -> A

B. By aligning substantive target, selection procedure, and transparency requirements with the directive's default regime, this choice offers the strongest legal and strategic fit. Its combination of binding timeline and annual disclosure ensures systemic rather than symbolic compliance.

C. The procedural regime from Article 6 is less prescriptive than a substantive quota but still embeds structured interviews and shortlist balancing. It therefore ranks below B, which combines procedural safeguards with a clear quantitative end-point.

D. One-off appointments not anchored in wider process change are prioritised below C, which at least adjusts selection procedures for each future vacancy. Reputational intent without procedural alignment risks falling back into churn-based tokenism.

A. Without an end date or quantitative benchmark, a 'long-term aspiration' provides the least concrete alignment with binding 2026 targets. Peer-signalling through a CEO statement is assigned even lower weight than individual appointment."
P3-02;P3;"Rank the following four actions from most to least consistent with the EU Gender Equality Strategy 2020-2025. For each rank, give one sentence explaining why that action is better or worse than its neighbours.

Context: An employer's salary audit has revealed an 8% unexplained gender pay gap across the operations division. The Pay Transparency Directive (EU) 2023/970 has been transposed.

A. Acknowledge the gap in the annual sustainability report and note it will be monitored over the next three years.
B. Conduct a joint pay assessment with worker representatives, identify the causes of the unexplained gap, implement a documented 24-month banded remediation plan with quarterly salary adjustments, and report progress to the works council.
C. Commission an external consultant to benchmark the pay gap against sector averages to contextualise the finding before taking action.
D. Apply an across-the-board salary uplift of 8% to all female employees in the operations division without revising the underlying job-evaluation or grading methodology.";"B -> A -> C -> D

B ranks highest as it follows the Pay Transparency Directive (EU) 2023/970 by engaging with worker representatives to identify and address pay disparities through a structured and documented plan, ensuring proactive remediation and accountability. 

A is ranked second because while it acknowledges the issue in an official report, it lacks the actionable measures and stakeholder engagement that B employs, making it a less proactive approach to addressing the gender pay gap.

C ranks third as benchmarking against sector averages delays direct action on resolving the identified gap and lacks the internal review and solution implementation that A provides, focusing more on contextualization than immediate remediation.

D is ranked last as applying an 8% salary uplift without addressing systemic evaluation issues may perpetuate or even exacerbate existing inequities, demonstrating a lack of compliance with the directive's emphasis on transparency and structural change.";"B -> D -> A -> C

B combines binding remediation within 24 months, granular adjustment tracking, joint worker involvement and reporting, aligning with the directive's consultative and corrective intent. D directly addresses the 8% figure but treats it as a gross statistical correction rather than a structural alignment, which risks correcting the symptom rather than the cause. A monitors the gap without corrective or consultative content, and is therefore passive against a structural exposure. C delays action in favour of comparative framing rather than problem addressing, leaving the gap unaltered.";"B -> D -> C -> A

B. By combining diagnosis, timed remediation, and structured disclosure to employee representatives, this option most closely reflects the directive's procedural alignment of transparency and correction. Continuous progress reporting embeds accountability across the full adjustment period.

D. Immediate pay correction is given priority over external benchmarking, because it at least addresses the symptom even if the underlying process remains uncorrected. However, failure to couple the uplift with revised evaluation practices risks future drift.

C. Using sector benchmarking as a delaying stage before action ranks below immediate correction, but still positions as active gap quantification rather than deferred monitoring. Its evidential focus makes it less responsive than B, where evidence feeds directly into remedial timing.

A. Without quantification or process linkage, 'monitoring' in a sustainability report is treated as the least effective response to a live gap. Because it projects action indefinitely into the future, it is placed below all options involving either external evidence or immediate intervention."
P3-03;P3;"Rank the following four actions from most to least consistent with the EU Gender Equality Strategy 2020-2025. For each rank, give one sentence explaining why that action is better or worse than its neighbours.

Context: A company's internal harassment investigation has substantiated a complaint of repeated sexual harassment by a senior manager against a direct report.

A. Issue a company-wide zero-tolerance statement reaffirming the harassment policy without changing the manager's role or initiating a formal disciplinary process.
B. Suspend the manager's line-management authority pending a formal disciplinary hearing, provide trauma-informed support to the complainant, and review the adequacy of the existing reporting channel in line with ILO Convention No. 190.
C. Offer the complainant a transfer to a different team as a practical resolution to avoid further disruption.
D. Provide mandatory harassment-awareness training to the entire management cohort for the coming quarter.";"B -> D -> A -> C

B is ranked highest as it mirrors the EU Gender Equality Strategy's emphasis on implementing effective measures against harassment, ensuring accountability, support for the complainant, and alignment with international standards like ILO Convention No. 190.

D ranks second as providing training broadly supports cultural change and increased awareness, though it lacks the immediate accountability actions taken in B, making it less directly responsive to the specific incident.

A is ranked third because issuing a statement without consequential actions on the manager's role or a disciplinary process falls short of the proactive and comprehensive response necessary to address such substantiated complaints compared to D.

C ranks last as transferring the complainant rather than addressing the perpetrator's behavior or the systemic issues is inconsistent with the EU's directive for protective and preventive measures, focusing instead on avoiding organizational discomfort.";"B -> D -> A -> C

B combines suspension as an immediate risk mitigant, direct trauma-informed support to the victim and a structural review benchmarked against ILO Convention No. 190, offering a multi-layered rather than declaratory response. D leverages training as structural prevention without directly addressing the immediate case or channel exposure B identifies. A repeats policy language but does not act on this specific substantiation or change the power imbalance it exposed. C frames avoidance as resolution by effectively displacing the victim without system or perpetrator consequences.";"B -> D -> C -> A

B. By combining protective suspension, support, disciplinary process, and reporting-channel review, this option best aligns with the Directive 2006/54/EC requirement for effective, proportionate, and dissuasive prevention. Its grounding in ILO standards further integrates external best practice.

D. Position-wide training for the whole management cohort ranks below individual remedial leverage but above relocation, because it spreads awareness across potential initiators rather than only managing the consequence. System-wide reinforcement is treated as the next best preventive step.

C. Because relocation addresses only the immediate interaction rather than the organisation's underlying conditions, it is ranked below awareness training. Elective transfer can be protective but does not mitigate risk in the original team or contact network.

A. Reissuing policy wording without role change or procedure escalation is treated as the least substantive response to a substantiated finding. Because its horizontal signalling lacks any vertical consequence, it is placed lowest."
P3-04;P3;"Rank the following four actions from most to least consistent with the EU Gender Equality Strategy 2020-2025. For each rank, give one sentence explaining why that action is better or worse than its neighbours.

Context: An employer's parental-leave data shows that only 4% of male employees take the non-transferable two-month parental leave to which they are entitled under the Work-Life Balance Directive (EU) 2019/1158.

A. Add a web page to the company intranet explaining the parental leave entitlement in gender-neutral terms.
B. Introduce a 100% pay replacement for the non-transferable leave period, communicate this change proactively to all employees and their managers, and set a measurable target for male parental-leave uptake with annual reporting.
C. Include a reference to male parental leave in the next all-staff newsletter and encourage managers to 'support employees who wish to take leave.'
D. Wait for employee demand to increase organically as societal norms shift, on the grounds that uptake cannot be mandated.";"B -> A -> C -> D

B ranks highest as it aligns with the EU Gender Equality Strategy 2020-2025 and the Work-Life Balance Directive 2019/1158 by actively promoting parental leave uptake through economic incentives and organizational accountability, directly addressing the directive's aim to encourage gender-balanced leave-taking. A is less effective than B because, while it increases awareness of the entitlement, it lacks the financial incentive and accountability mechanisms that B includes to drive behaviour change. C ranks lower than A as mentioning leave in a newsletter is a passive approach that does not effectively target gender imbalances or engage leaders, which are critical elements emphasized in the strategy. D is the least consistent with the strategy as it relies on a passive approach, failing to implement any measures or tools to encourage male uptake of parental leave despite the EU's emphasis on proactive support and change in workplace culture.";"B -> A -> C -> D

B combines financial optimisation, targeted communication, and a measurable target with annual reporting, making it the only option that actively leverages the Work-Life Balance Directive (EU) 2019/1158 to shift actual uptake. A adds a gender-neutral online explanation but lacks the economic and monitoring components that B deploys to drive change. C uses a newsletter and vague encouragement but provides no structural incentive or measurement, making it weaker still. D abdicates responsibility entirely and assumes change will occur without intervention.";"B -> A -> C -> D

By aligning with the Directive's non-transferable entitlement and combining financial, communications, and monitoring measures, the action directly addresses the uptake gap between male and female employees. Rather than relying solely on employee demand, it reflects the more proactive and structural approach called for by the Strategy."
P3-05;P3;"Rank the following four actions from most to least consistent with the EU Gender Equality Strategy 2020-2025. For each rank, give one sentence explaining why that action is better or worse than its neighbours.

Context: A public-sector body's workforce data shows that women make up 48% of the overall workforce but only 11% of director-level roles. No succession plan currently exists.

A. Set a headline commitment to 'increasing diversity' without specifying targets, timelines, or accountability mechanisms.
B. Develop a gender-mainstreamed succession planning process with documented gender-balance targets at director level, a pipeline development programme for senior women, and annual board reporting on progress.
C. Organise a leadership confidence programme exclusively for women to address perceived capability gaps.
D. Require gender-balanced shortlists for all director vacancies and integrate gender-balance progress into senior managers' performance objectives.";"B -> D -> C -> A

B ranks highest as it is directly in line with the EU Gender Equality Strategy 2020-2025 and the broader EU acquis by incorporating explicit targets, institutional accountability, and structural pipeline improvements, which are essential for advancing gender equality in leadership roles. D is less comprehensive than B because, while it promotes balanced recruitment practices and accountability, it lacks the broader systemic approach of succession planning and ongoing development initiatives for potential female leaders. C ranks lower than D because, although it provides targeted support for women, it addresses only one aspect (skills development) and lacks structural measures for changing recruitment and succession processes. A is the least aligned action as it makes a non-specific commitment that lacks the concrete measures, targets, or accountability needed to drive meaningful change towards gender parity in leadership roles.";"B -> D -> C -> A

B combines documented targets, pipeline development, and annual board reporting, making it the most comprehensive response aligned with the EU Gender Equality Strategy 2020-2025. D pairs shortlist requirements with accountability for managers, addressing both selection and internal pressure but without the pipeline dimension. C focuses narrowly on psychological factors without structural or accountability elements, while A's unspecified commitment lacks any mechanism to produce real change.";"B -> D -> C -> A

By combining pipeline development, explicit targets, and board-level accountability, this action addresses both supply and demand sides of the director-level gap and aligns most closely with the mainstreaming approach in EU gender-equality law."
P3-06;P3;"Rank the following four actions from most to least consistent with the EU Gender Equality Strategy 2020-2025. For each rank, give one sentence explaining why that action is better or worse than its neighbours.

Context: An AI-driven recruitment tool used by a technology firm has been found to under-select women candidates at the shortlisting stage by 26 percentage points relative to men.

A. Add a disclaimer to the recruitment process documentation noting that the tool is 'one input among many' and that human review applies.
B. Suspend the tool pending a documented fundamental-rights and algorithmic-bias impact assessment, renegotiate the vendor contract to include audit rights and bias-mitigation obligations, and publish the findings of the assessment.
C. Require hiring managers to manually review all female applications rejected by the tool before finalising shortlists.
D. Replace the tool with a different vendor's product that markets itself as 'bias-aware' without conducting an independent audit of its methodology.";"B -> C -> D -> A

B ranks highest as it directly addresses the issues of bias and discrimination as highlighted by the EU Gender Equality Strategy 2020-2025, and aligns with the EU's broader legal framework on non-discrimination and ethical AI by conducting impact assessments and mandating transparency and accountability with vendor obligations. C is less comprehensive than B because, while it implements an immediate bias-check through manual review, it lacks the structural change and transparency objectives addressed by impact assessments and contractual obligations. D ranks lower than C as it merely replaces the tool without verifying the new tool's effectiveness or bias correction through an independent audit, risking continued discrimination or new biases. A is the least aligned with the EU strategy as it provides only a cosmetic disclaimer without addressing underlying biases or taking proactive steps for ensuring fairness and equality in the recruitment process.";"B -> C -> D -> A

B addresses both the immediate risk and the structural cause by conducting a documented impact assessment, altering contractual terms, and publishing the findings, thereby aligning fully with the accountability and transparency mandates of the EU Gender Equality Strategy 2020-2025. C introduces a manual safeguard specifically targeting women candidates but does not address the underlying algorithmic issue or vendor accountability. D swaps vendors without an independent audit and so offers less transparency than B or C. A adds a disclaimer but lacks any mechanism to affect operational outcomes.";"B -> C -> A -> D

By aligning directly with the AI regulatory measures announced in the Strategy and applying both a technical and contractual response, this action treats algorithmic bias as a fundamental-rights issue rather than a process irregularity."
P3-07;P3;"Rank the following four actions from most to least consistent with the EU Gender Equality Strategy 2020-2025. For each rank, give one sentence explaining why that action is better or worse than its neighbours.

Context: A company's marketing campaigns have consistently used imagery that sexualises women in professional settings. Internal staff surveys link the imagery to a 'lookist' workplace culture.

A. Retain the existing creative direction for the current season and revisit the policy at the next brand refresh.
B. Adopt a documented marketing-content review policy including a sign-off checklist aligned with the EU Strategy's commitment to eliminating gender stereotypes, applying it to all future campaigns including heritage work.
C. Feature senior women executives in a standalone 'women leaders' campaign to offset the existing imagery.
D. Instruct the creative agency to 'tone down' the most explicit images while preserving the overall campaign concept.";"B -> C -> D -> A

B ranks highest as it actively aligns with the EU Gender Equality Strategy 2020-2025 by implementing a structured policy to eliminate gender stereotypes in marketing content, thus addressing both immediate and long-term gender equality objectives. C is less comprehensive than B, as it provides a counter-message through featuring women leaders, but does not systematically address or rectify the ongoing harmful imagery and stereotypes. D ranks lower than C because, while it attempts to modify explicit content, it fails to address the root issue of gender stereotype perpetuation and lacks a systematic approach for preventing future issues. A is the least aligned with the strategy, as it opts to maintain the status quo without taking any corrective action or planning, thereby perpetuating the existing negative impact on workplace culture and gender equality.";"B -> C -> D -> A

B embeds stereotyping elimination into a documented operational procedure with checklists binding all future work, thus treating the problem as structural rather than aesthetic. C offsets the imagery by highlighting women leaders, addressing representation but not the underlying policy. D asks for cosmetic changes rather than a systemic fix, shifting some imagery without altering the framework. A defers any action to the next refresh and thereby tolerates another cycle of damaging imagery.";"B -> D -> C -> A

By translating the stereotype-elimination commitment into an operational review policy covering all campaigns, this action extends beyond corrective messaging and addresses the normalisation mechanism that drives culture."
P3-08;P3;"Rank the following four actions from most to least consistent with the EU Gender Equality Strategy 2020-2025. For each rank, give one sentence explaining why that action is better or worse than its neighbours.

Context: An EU-funded development programme in a partner country has found that 82% of its beneficiaries are male, despite a target of gender-balanced participation.

A. Note the imbalance in the next annual report and commit to reviewing it at the mid-term evaluation in two years.
B. Commission a documented analysis of the structural barriers to women's participation, redesign the programme's outreach and eligibility criteria in response to the findings, and set a gender-disaggregated participation target with quarterly monitoring aligned with the Gender Action Plan III.
C. Add female-focused content to one module of the programme while leaving the overall design unchanged.
D. Reclassify the participation target as 'aspirational' rather than binding to accommodate the delivery context.";"B -> C -> A -> D

B ranks highest as it actively seeks to identify and address structural barriers to women's participation, aligns with the EU Gender Equality Strategy 2020-2025, and the Gender Action Plan III by adapting programme delivery to ensure equal opportunities, and implements concrete measures for accountability and monitoring. C is less comprehensive than B because it adds female-focused content but does not address the systemic issues affecting women's participation in the programme as a whole. A ranks lower than C because it merely notes the imbalance without immediate action or redesign, delaying potential corrective measures that are necessary to meet gender balance targets. D is the least aligned with the strategy, as it downgrades the importance of the gender-balance target by making it 'aspirational,' thereby neglecting the commitment to achieving gender equality and the importance of binding targets for accountability.";"B -> C -> A -> D

B combines documented barrier analysis with redesign, gender-disaggregated targets, and quarterly monitoring, making it the only option that treats the target as operational rather than rhetorical. C adds content without altering the structural mechanisms that B addresses. A notes the problem and defers action to future evaluation, tolerating an additional two-year delivery period without intervention. D actively weakens the existing target and so maximises the gap between rhetoric and practice.";"B -> C -> A -> D

By requiring a formal barrier analysis and aligning corrective measures with the Action Plan's binding target logic, this action treats the imbalance as a structural failure rather than a delivery difficulty."
P3-09;P3;"Rank the following four actions from most to least consistent with the EU Gender Equality Strategy 2020-2025. For each rank, give one sentence explaining why that action is better or worse than its neighbours.

Context: A municipality's planning department has received analysis showing that its transport network routes are poorly matched to female-dominated mobility patterns (multi-stop, off-peak, care-related travel).

A. Note the analysis in the transport strategy background document without adjusting service-planning priorities.
B. Integrate gender-disaggregated mobility data into the route-planning model, commission a gender impact assessment of the existing network, and set targets for off-peak frequency improvements on identified high-need routes with annual disclosure.
C. Launch a public consultation on transport needs open to all residents and incorporate the results into the next strategy cycle.
D. Publish a report on the gender mobility gap to raise awareness, without committing to specific service changes.";"B -> C -> D -> A

B ranks highest as it directly integrates gender-disaggregated data into planning processes, aligns with the EU Gender Equality Strategy 2020-2025 by addressing specific needs through impact assessments and setting improvement targets, and commits to accountability through annual disclosure. C is less comprehensive than B, as it involves public engagement and potential integration of insights into future strategy, but lacks the immediate and structured action plan and specific targets that B offers. D ranks lower than C because it raises awareness of the issue without leading to actionable changes or planning adjustments, whereas public consultation offers the potential, albeit delayed, incorporation of findings. A is the least aligned with the strategy since it merely acknowledges the analysis without making any commitments or changes to meet the gender-specific mobility needs highlighted, thus maintaining the status quo.";"B -> C -> D -> A

B operationalises the analysis by embedding gender data into planning, conducting an impact assessment, and setting measurable off-peak targets with public disclosure, thereby addressing the gap within the operational logic of the transport system. C adds a broad consultation but links its output only to the next strategy cycle rather than current planning procedures. D raises awareness but stops short of implementing any mechanism to close the gap. A records the analysis without using it to alter delivery priorities and so ranks last.";"B -> C -> D -> A

By embedding quantitative gender data and impact assessment into the planning process itself and linking it to specific service metrics, this action aligns most closely with the mainstreaming-through-infrastructure commitments in the Strategy."
P3-10;P3;"Rank the following four actions from most to least consistent with the EU Gender Equality Strategy 2020-2025. For each rank, give one sentence explaining why that action is better or worse than its neighbours.

Context: A university's Horizon Europe-funded research consortium has no Gender Equality Plan, which is a mandatory eligibility condition for public-research bodies.

A. Attach the university's existing diversity statement to the application and describe it as meeting the GEP requirement.
B. Develop and publish a Gender Equality Plan meeting all five mandatory Horizon Europe criteria â€” public document, dedicated resources, data collection and monitoring, training, and gender-balance targets â€” before submitting the application.
C. Submit the application and address the GEP requirement during the project implementation phase if raised by the programme officer.
D. Partner with a smaller institution that already has a GEP on file and list it as a consortium partner to satisfy the requirement administratively.";"B -> D -> A -> C

B ranks highest because it thoroughly addresses the EU Gender Equality Strategy 2020-2025 by fulfilling the Horizon Europe's mandatory criteria comprehensively, ensuring long-term commitment to gender equality through concrete planning and transparency prior to application submission. D is less effective than B as it attempts to meet the requirement indirectly by relying on a partner's compliance rather than establishing its own GEP framework, missing the opportunity for institutional growth and commitment to gender equality. A ranks lower than D because it misrepresents a diversity statement as a GEP, neither adequately fulfilling the criteria nor ensuring compliance or genuine institutional change. C is the least aligned with the strategy, as it risks non-compliance by deferring the GEP development to a later stage, undermining the credibility and eligibility of the application from the outset.";"B -> D -> A -> C

B explicitly addresses all five mandatory Horizon Europe criteria before application and thus treats the GEP as a substantive framework rather than a box-ticking exercise. D satisfies the requirement administratively by partnering with a compliant institution but does not build parallel internal capacity. A misrepresents an existing statement as a GEP without building the mandated infrastructure. C defers compliance until after submission, risking ineligibility for the consortium.";"B -> D -> A -> C

Rather than seeking to manage the requirement indirectly, this action invests in a full Horizon-compliant Gender Equality Plan at the institutional level before submission, aligning with the programme's conditions and the Strategy's research-policy chapter."
P4-01;P4;"What should have been the immediate next step, and which EU instrument or obligation grounds that step?

---
Minutes, board meeting, 12 February 2025. Agenda item 7: workforce gender balance. The head of people presented data showing a 16.4% gender pay gap in the engineering division, unexplained after controlling for grade and tenure. The board noted the report. No resolution was adopted. The matter was deferred to the next quarterly review.
---";"1. equal_economy

The head of people must immediately implement pay-transparency obligations to address the unexplained gender pay gap, ensuring compliance with the EU Gender Equality Strategy 2020-2025 under the equal economy pillar. This action should be completed within one month to provide transparency and facilitate corrective measures.";"equal_economy

The head of people must launch an internal pay-mapping exercise covering engineering. Pay transparency, not just acknowledgment of the gap, is the Pillar's enabling condition.";"equal_economy

The board should have mandated an equal-pay audit of the engineering division, to identify the causes of unexplained pay disparities. This is the substantive step that converts the presence of a gap into corrective action, in line with the chapter's pay-gap commitments."
P4-02;P4;"What should have been the immediate next step, and which EU instrument or obligation grounds that step?

---
Compliance register entry, 3 March 2025. Directive (EU) 2022/2381 (Women on Boards). Company board composition: 7 non-executive directors, 1 of whom is female (14.3%). Compliance deadline: 30 June 2026. Status recorded as: 'under review.' No action plan on file.
---";"1. leadership_participation

The compliance officer must develop and file an action plan by the end of the current month to achieve the 40% non-executive director target by 30 June 2026, in accordance with Directive (EU) 2022/2381 under the leadership_participation pillar of the EU Gender Equality Strategy 2020-2025.";"leadership_participation

The governance committee must adopt a binding succession plan for the non-executive director positions with a published 40% target. The Directive's mid-2026 date leaves just eighteen months for credible pipeline work.";"leadership_participation

A board or nominating committee meeting should have been convened to begin developing the succession plan for the additional female non-executive directors required by 2026. Because non-executive appointments typically require significant lead time, this is the step that translates the Directive into an actionable timetable."
P4-03;P4;"What should have been the immediate next step, and which EU instrument or obligation grounds that step?

---
HR system log, 8 January 2025. Three employees returned from maternity leave during Q4 2024. All three were assigned to teams different from their pre-leave teams. No recorded consultation. No documented portfolio-continuity agreement. One employee has submitted a grievance.
---";"1. equal_economy

The head of HR must immediately review and implement policies to ensure that any team reassignments after maternity leave occur with full consultation and documented agreements to maintain portfolio continuity, addressing work-life balance as required under the equal economy pillar of the EU Gender Equality Strategy 2020-2025. This should be actioned within two weeks to resolve the grievance and prevent further disputes.";"equal_economy

HR must implement documented portfolio-continuity agreements for all staff taking maternity leave. Both consultation and stability are framed as prerequisites for returning retention to pre-break levels.";"equal_economy

Line managers of the three affected employees should immediately have conducted portfolio-continuity discussions to agree any necessary adjustments to role, clients, or workload. These discussions operationalise the right to return from family leave without penalty or demotion."
P4-04;P4;"What should have been the immediate next step, and which EU instrument or obligation grounds that step?

---
Incident register, 14 November 2024. Report filed by employee A.K. alleging repeated unwanted physical contact by team supervisor over a period of six weeks. Report was received by the line manager of the supervisor, who conducted an informal conversation with the supervisor on 20 November. No formal investigation opened. A.K. has not been updated on the outcome.
---";"1. violence_stereotypes

The HR manager must immediately initiate a formal investigation into the allegations of unwanted physical contact, ensuring compliance with the violence_stereotypes pillar of the EU Gender Equality Strategy 2020-2025. This investigation should begin within one week to address and prevent gender-based violence in the workplace.";"violence_stereotypes

The compliance officer must initiate a formal investigation under the workplace anti-harassment policy and provide A.K. with both procedural protection and updates. Informal handling contravenes the requirement for structured accountability in cases of unwanted physical contact.";"violence_stereotypes

The HR department should have opened a formal investigation and notified the complainant of the process and expected timeline. Only a formal investigation can trigger the protections and procedural guarantees required by the chapter's harassment commitments."
P4-05;P4;"What should have been the immediate next step, and which EU instrument or obligation grounds that step?

---
Procurement record, 22 October 2024. Algorithmic candidate-screening system renewed for a further 24-month term. Vendor's documentation references historical hire data as training input. Internal audit from 2023 noted a statistically significant differential in rejection rates by candidate gender (31 percentage points). No follow-up action recorded. Contract includes no audit-rights or bias-mitigation clause.
---";"1. mainstreaming_intersectionality

The procurement manager must renegotiate the contract with the vendor to include audit rights and a bias-mitigation clause, addressing the statistically significant gender differential in rejection rates by applying an intersectional lens as required under the mainstreaming_intersectionality pillar of the EU Gender Equality Strategy 2020-2025. This should be completed within two months to ensure compliance and facilitate necessary adjustments.";"mainstreaming_intersectionality

The procurement officer must renegotiate the contract to include ongoing audit rights and a binding bias-mitigation clause. Auditing and clause-binding, not just awareness of the historic gap, are the formal instruments required to reverse intersectional exposure.";"mainstreaming_intersectionality

The renewed contract should have included an explicit audit-rights clause allowing the organisation to commission independent bias reviews, plus a requirement for bias-mitigation updates from the vendor. These clauses operationalise the intersectionality chapter's requirement to identify and correct systemic bias in automated decision systems."
P4-06;P4;"What should have been the immediate next step, and which EU instrument or obligation grounds that step?

---
Sustainability report data submission, 7 January 2025. ESRS S1 workforce disclosure section. Gender pay gap: 13.2%. Status: disclosed. Remediation plan: none on file. The report was submitted to the external auditor without a remediation timeline.
---";"1. equal_economy

The sustainability officer must develop and implement a remediation plan to address the 13.2% gender pay gap, including a clear timeline for corrective actions, in compliance with the equal economy pillar of the EU Gender Equality Strategy 2020-2025. This plan should be prepared and submitted within one month to address external audit requirements and drive progress on gender pay equality.";"equal_economy

A formal gender-pay-gap action plan must be adopted and tabled with the next board meeting. Disclosure without plan-and-timetable pairing is flagged as informational rather than operational compliance.";"equal_economy

A gender pay-gap remediation plan with a specific timeline should have been agreed with HR and appended to the audit submission. This converts static disclosure of the gap into a commitment to close it."
P4-07;P4;"What should have been the immediate next step, and which EU instrument or obligation grounds that step?

---
Meeting summary, diversity and inclusion working group, 5 February 2025. The group reviewed data showing a 91% male parental-leave take-up rate of zero days (non-transferable leave entitlement). The working group noted the figure. No proposals were tabled. The next meeting was scheduled for the following quarter.
---";"1. equal_economy

The diversity and inclusion manager must propose and initiate awareness and incentive programs to increase male parental-leave uptake, ensuring alignment with work-life balance goals under the equal economy pillar of the EU Gender Equality Strategy 2020-2025. This action should commence within one month to promote equitable parental responsibilities and improve gender equality in the workplace.";"equal_economy

HR leadership must mandate an opt-out rather than opt-in protocol for male parental leave, with line-manager accountability for activations. Noted without structural redesign, the 91% rate risks repeating trimestre-to-trimestre without visible effect.";"equal_economy

The working group should have commissioned a survey or focus-group exercise to determine the barriers to take-up of non-transferable leave. Understanding the reasons for non-use is a precondition for designing an intervention that corrects the imbalance."
P4-08;P4;"What should have been the immediate next step, and which EU instrument or obligation grounds that step?

---
External funding report, regional managing authority, 28 November 2024. Project evaluation outcome: 43 projects approved. Gender-mainstreaming criterion: not scored. Evaluation panel composition: five members, all male. Outcome disclosure: project list published; no gender-disaggregated analysis of beneficiary data provided.
---";"1. mainstreaming_intersectionality

The regional managing authority must immediately revise the project approval process to include a scoring mechanism for the gender-mainstreaming criterion and ensure future evaluation panels incorporate gender diversity, in compliance with the mainstreaming_intersectionality pillar of the EU Gender Equality Strategy 2020-2025. Implement these changes before the next project cycle to ensure holistic compliance with gender mainstreaming objectives.";"mainstreaming_intersectionality

The managing authority must integrate gender-mainstreaming scoring into the next project-evaluation cycle and produce a gender-disaggregated beneficiary analysis for the current one. Internal composition and procedural visibility are framed as the two routes to entering mainstreaming discipline.";"mainstreaming_intersectionality

A retrospective gender-disaggregated outcome analysis of the 43 beneficiary projects should have been commissioned and appended to the published list. Because the mainstreaming criterion was not scored, this is now the only available route to ensuring the chapter's visibility requirement is met."
P4-09;P4;"What should have been the immediate next step, and which EU instrument or obligation grounds that step?

---
Annual leave administration record, 16 December 2024. Flexible working requests submitted: 14. Approved: 5. Rejected: 9. Rejection reason recorded in 7 of 9 cases as 'operational requirements.' Of the 9 rejected requests, 8 were submitted by employees with primary-carer status. No appeal process was offered.
---";"1. equal_economy

The head of HR must establish an appeal process for rejected flexible working requests and reassess past rejections, particularly for employees with primary-carer status, to ensure fair consideration in line with work-life balance commitments under the equal economy pillar of the EU Gender Equality Strategy 2020-2025. This should be implemented within one month to address any potential biases and support equitable workforce participation.";"equal_economy

The leave-admin team must implement an appeal mechanism for flexible working rejections, binding on the operational-requirement cases. Eight primary carer rejections without appeal imply no internal challenge mechanism to request-to-outcome causality.";"equal_economy

HR should have notified the eight primary-carer applicants of their right to appeal or discuss adjustments that would render their request grantable. An appeal process is the mechanism that converts 'operational requirements' from a block into a negotiable constraint."
P4-10;P4;"What should have been the immediate next step, and which EU instrument or obligation grounds that step?

---
Sales commission review, internal audit report, January 2025. Finding: commission scheme design allocates higher rates to account types historically held by male staff. Gender-disaggregated commission analysis was not included in the scheme's original design documentation. The scheme has not been reviewed since its introduction in 2017. The audit noted a 22% commission-income disparity by gender among equivalent-grade sales staff.
---";"1. equal_economy

The sales director must conduct an immediate review and redesign of the commission scheme to ensure equitable allocation among account types, incorporating a gender-disaggregated analysis to address the noted 22% income disparity in compliance with the equal economy pillar of the EU Gender Equality Strategy 2020-2025. This action should be completed within two months to ensure fair treatment and compensation practices.";"equal_economy

The finance director must redesign the commission scheme with gender-disaggregated intake calibration, eliminating historic-account-type logic as a rate determinant. Internal visibility without design logic remained leaves the 22% audit finding in unaltered structure.";"equal_economy

The sales leadership team should have commissioned a redesign of the commission scheme to equalise earning opportunities across account types. Only a scheme-level change can bring commission income into compliance with the equal-pay commitments."
P5-01;P5;"Name the primary regulatory pillar this scenario falls under and the secondary pillar, if any. Justify the distinction.

---
A female senior partner at a professional services firm reports that she is excluded from informal client-entertainment events hosted by male partners, at which key relationship-building occurs. She also reports that she has been passed over for the three most recent committee-chair roles, which are all held by men. Her formal performance ratings are comparable to those of her male peers.
---";"Primary: leadership_participation  
Secondary: violence_stereotypes  

The primary pillar is leadership_participation because the scenario directly involves gender balance in decision-making positions, specifically through the exclusion of a female senior partner from opportunities that affect her leadership prospects and succession planning within the firm. The secondary pillar is violence_stereotypes because the scenario involves gender-based exclusion (a form of stereotyping) in informal events that affect professional advancement, reflecting stereotypical gender norms that hinder equal participation.";"Primary: leadership_participation  
Secondary: none

The scenario centres on exclusion from succession planning for committee-chair roles and informal power networks that affect senior appointments. It therefore directly engages gender balance in leadership rather than general labour-market participation.";"Primary: leadership_participation

The scenario primarily concerns exclusion from the networks and opportunities that feed into senior decision-making positions. The committee-chair appointments specifically target internal leadership allocation.

Secondary: equal_economy

Informal-client entertainment is treated here as a professional-development channel linked to earnings and promotion — making it fit as horizontal segregation within the economy rather than as leadership alone."
P5-02;P5;"Name the primary regulatory pillar this scenario falls under and the secondary pillar, if any. Justify the distinction.

---
A Roma woman employed as a cleaning operative at a hospital reports that she is subject to comments about her appearance from a male ward manager, and that her requests for shift changes to accommodate childcare responsibilities are routinely denied while similar requests from non-Roma colleagues are approved.
---";"Primary: violence_stereotypes  
Secondary: mainstreaming_intersectionality  

The primary pillar is violence_stereotypes because the scenario involves unwanted comments about the woman's appearance, which falls under gender-based harassment and stereotypical treatment in the workplace. The secondary pillar is mainstreaming_intersectionality because the woman's experience of differential treatment regarding shift changes is compounded by her Roma identity, illustrating the intersection of gender and ethnicity.";"Primary: mainstreaming_intersectionality  
Secondary: none

The scenario combines gender with ethnicity (Roma) and caregiving, meaning policy must operate through an intersectional lens rather than a generic one. None of the other pillars is engaged at the same level of specificity.";"Primary: equal_economy

Shift-change denials compared with non-Roma colleagues tie this primarily to the discrimination-within-workplace strand of this pillar, as do unequal working conditions.

Secondary: violence_stereotypes

Comments about her appearance from a male manager are treated at the level of unwanted verbal behaviour rather than pay or progression, fitting this pillar's coverage of stereotyping within the workplace."
P5-03;P5;"Name the primary regulatory pillar this scenario falls under and the secondary pillar, if any. Justify the distinction.

---
A technology company's annual pay-transparency report shows that the gender pay gap is 19% at senior-engineer grade. The head of engineering has stated in a team meeting that women are 'not naturally suited to systems architecture roles' and that the pay gap reflects 'different choices.' Three female engineers have subsequently submitted grievances.
---";"Primary: equal_economy  
Secondary: violence_stereotypes  

The primary pillar is equal_economy because the scenario specifically involves a gender pay gap at the senior-engineer grade and references pay-transparency reporting obligations aimed at addressing this issue. The secondary pillar is violence_stereotypes because the head of engineering's comments reflect gender stereotypes that perpetuate discriminatory perceptions about women's abilities in certain roles.";"Primary: equal_economy  
Secondary: violence_stereotypes

The 19% pay gap combined with the company's pay-transparency report places the scenario directly under the pillar for closing such gaps. The head's claim that women are 'not naturally suited' targets occupational stereotyping within the engineering profession rather than leadership or mainstreaming.";"Primary: equal_economy

The passage starts from a documented pay gap at senior-engineer grade, situating the company's situation squarely within pay-transparency obligations and gender-pay-gap closure.

Secondary: violence_stereotypes

The head of engineering's remarks about women's suitability and choices apply a stereotype to justify the gap — activating the stereotypes-combatting strand alongside the economic one."
P5-04;P5;"Name the primary regulatory pillar this scenario falls under and the secondary pillar, if any. Justify the distinction.

---
A disability-support charity's senior leadership team is 100% male. The charity's service user base is 68% women with disabilities. The charity has not conducted a gender-equality impact assessment of its service delivery model or its governance structure.
---";"Primary: leadership_participation  
Secondary: mainstreaming_intersectionality  

The primary pillar is leadership_participation because the scenario highlights the lack of gender balance in the charity's senior leadership team, which is critical for ensuring diverse representation in decision-making positions. The secondary pillar is mainstreaming_intersectionality because the charity's oversight in assessing the gender-equality impact of its services, particularly for women with disabilities, involves failing to apply an intersectional gender perspective to its operations.";"Primary: leadership_participation  
Secondary: mainstreaming_intersectionality

The all-male leadership of a charity serving a majority of women with disabilities places governance rather than staffing at the centre of the problem. The absence of gender-equality impact assessment in a context where governance and service delivery are misaligned directly invokes the mainstreaming requirement.";"Primary: leadership_participation

A single-gender senior leadership team within a service-delivery organisation links most closely to this pillar's focus on balance where strategic decisions are taken.

Secondary: mainstreaming_intersectionality

Absence of a gender-equality impact assessment for service delivery and governance structure triggers the 'mainstreaming' strand alongside the leadership one, linking internal balance to external effects."
P5-05;P5;"Name the primary regulatory pillar this scenario falls under and the secondary pillar, if any. Justify the distinction.

---
A regional authority's social-welfare department allocates emergency-housing funds using a scoring algorithm. An internal review finds that single mothers are scored 18 percentage points lower than equivalent male applicants due to a 'residential-stability' criterion that penalises frequent address changes â€” a pattern correlated with domestic-violence escape routes.
---";"Primary: mainstreaming_intersectionality  
Secondary: none  

The primary pillar is mainstreaming_intersectionality because the issue involves the application of a gender perspective and the recognition of compounding disadvantages faced by single mothers, often affected by domestic violence, in the allocation process of social welfare resources. No distinct secondary pillar applies, as the scenario is centrally concerned with correcting the systemic bias in policy implementation through an intersectional lens.";"Primary: mainstreaming_intersectionality  
Secondary: violence_stereotypes

The case requires the algorithm to be corrected to recognise structural disadvantages of single mothers under domestic-violence escape routes. Gender stereotypes do not figure directly in eligibility but household stability is penalising a pattern tied to hidden abuse-exit logistics.";"Primary: equal_economy

Access to emergency-housing funds is being blocked by a scoring criterion, bringing allocation of resources itself within the economy pillar when coded economically rather than violently.

Secondary: violence_stereotypes

The pattern triggering the discrepancy — frequent address changes linked to domestic violence — connects this as well to the violence-survival dimension of the receiving lives, justifying the second pillar."
P5-06;P5;"Name the primary regulatory pillar this scenario falls under and the secondary pillar, if any. Justify the distinction.

---
An energy company's just-transition reskilling programme for workers displaced from coal mining has 94% male participation. The programme's eligibility criteria require proof of employment in the coal sector for the preceding five years; women in the affected communities were predominantly employed in adjacent sectors (catering, logistics, administration) that are ineligible.
---";"Primary pillar: equal_economy

The primary classification is ""equal_economy"" because the scenario directly relates to unequal labour market participation and occupational segregation, as the reskilling programme's criteria disproportionately exclude women from transitioning into new job opportunities.

Secondary pillar: none

While the exclusion might indirectly relate to broader gender stereotypes or decision-making facets, they do not engage at the same level of concreteness as the barriers to economic participation highlighted.";"Primary: mainstreaming_intersectionality

The scenario concerns structuring a reskilling programme to address gendered participation patterns arising from eligibility criteria, and therefore falls under the core mechanism of integrating a gender perspective across EU policies.

Secondary: none

No other labelled pillar is engaged at the same level of regulatory detail. The scenario touches participation but does not address leadership pipelines or any of the other components of the system.";"Primary: equal_economy

The passage describes an eligibility-rule design that excludes almost all eligible-community women from a publicly funded employment-transition programme. Because just-transition programmes are labour-market measures, the scenario falls primarily under the equal-participation arm of this pillar.

Secondary: mainstreaming_intersectionality

The access-barrier rests on an intersection of gender with sectoral employment history, which the mainstreaming-intersectionality pillar captures as an interplay the policy should ideally have anticipated."
P5-07;P5;"Name the primary regulatory pillar this scenario falls under and the secondary pillar, if any. Justify the distinction.

---
A national broadcaster's editorial board is 88% male. The broadcaster's investigative journalism team has published a report on wage theft in garment factories abroad. Three female reporters who produced the report have received coordinated online harassment campaigns, including doxxing and threats of sexual violence. The broadcaster has no protocol for supporting journalists who are targeted with gendered online violence.
---";"Primary pillar: violence_stereotypes

The primary classification is ""violence_stereotypes"" because the female reporters are facing gender-based online harassment, including threats of sexual violence, and there is an absence of protocols to address such violence.

Secondary pillar: leadership_participation

The secondary classification is ""leadership_participation"" due to the significant gender imbalance on the broadcaster's editorial board, which affects decision-making and institutional responses to the harassment faced by female journalists.";"Primary: violence_stereotypes

The absence of a protocol for supporting journalists facing threats of sexual violence makes the online harassment component the central regulatory failure in the scenario.

Secondary: leadership_participation

The 88% male editorial board is explicitly documented and is the structural dimension that the EU framework targets under this pillar.";"Primary: violence_stereotypes

The identified gap is the absence of a protocol for protecting journalists from targeted online violence, which falls squarely within the pillar's 'freedom from violence' remit. The conduct being regulated here is the defensive and protective stance expected of the employer.

Secondary: leadership_participation

The editorial-board composition (88% male) is presented as context for the organisational climate within which the support gap occurs. This makes leadership balance a supporting but relevant dimension of the same operational environment."
P5-08;P5;"Name the primary regulatory pillar this scenario falls under and the secondary pillar, if any. Justify the distinction.

---
A manufacturing firm's apprenticeship programme has admitted 8% women over five cohorts. The application criteria require a baseline technical qualification that is documented as indirectly discriminatory against female applicants. Two female apprentices left the programme early after citing inflexible scheduling that was incompatible with caring responsibilities.
---";"Primary pillar: equal_economy

The primary classification is ""equal_economy"" because the scenario involves gender disparity in participation in the labour market through an apprenticeship programme, influenced by indirectly discriminatory application criteria and scheduling incompatibilities, affecting work-life balance.

Secondary pillar: none

While gender stereotypes might play a role in the underlying biases, the immediate regulatory issues are concentrated on economic participation and do not directly engage another distinct pillar at the same level of concreteness.";"Primary: equal_economy

The programme's gender composition is framed explicitly as an apprenticeship participation gap and linked to formally neutral criteria producing gendered outcomes. Introduction of flexible scheduling is also standard work-life balance practice.

Secondary: none

Leadership is not part of the scenario and the regulatory issue is not framed as mainstreaming. The situation therefore fits as a single-pillar problem despite touching multiple nouns.";"Primary: equal_economy

Indirect discrimination via qualification criteria, combined with rigid scheduling, falls within the pillar's detailed governance of access to economic opportunity. The passage mainly frames the problem as one of entry barriers.

Secondary: none

While the exit of two apprentices could suggest a link to work-life-balance policy, the passage does not connect it to that formal agenda. No distinct second substantive pillar is therefore engaged."
P5-09;P5;"Name the primary regulatory pillar this scenario falls under and the secondary pillar, if any. Justify the distinction.

---
A bank's mortgage-approval process results in women receiving 0.4% higher interest rates on average than men with identical credit profiles. A senior analyst has attributed the differential to a risk-scoring model trained on 15 years of historical lending data. The bank's board is 100% male.
---";"Primary: equal_economy  
The primary issue centers on gender-based disparities in financial access (higher interest rates for women), directly engaging the goals of ensuring equal access to finance and entrepreneurship.  

Secondary: leadership_participation  
The fact that the bank's board is 100% male highlights an absence of gender balance in decision-making positions, a distinct regulatory issue under this pillar.";"Primary: equal_economy

The 0.4% interest-rate differential for women with identical credit profiles directly contravenes the obligation to ensure equal access to finance and entrepreneurship.

Secondary: leadership_participation

The all-male board signals a pipeline failure relevant to the 40% target for decision-making positions in business.";"Primary: equal_economy
Secondary: leadership_participation

The scenario is primarily framed as a barrier to equal access to finance based on gender, which makes it fall under the equal_economy pillar rather than violence_stereotypes. The all-male board composition adds a leadership-angle concern, but regulatory attention will centre first on the scoring model rather than governance."
P5-10;P5;"Name the primary regulatory pillar this scenario falls under and the secondary pillar, if any. Justify the distinction.

---
An EU-funded agricultural development programme in a partner country channels land-title improvements exclusively through male household heads, consistent with local customary land law. Women who farm the land acquire no formal tenure rights under the programme. Women account for 61% of the agricultural workforce in the region. The programme's gender marker is rated G0 (no gender relevance).
---";"Primary: funding_global_action  
This scenario primarily involves EU external action where the agricultural development programme fails to promote gender equality in a third country, consistent with objectives under the implementation of the Gender Action Plan III (GAP III) and gender markers in EU external funding.

Secondary: mainstreaming_intersectionality  
The scenario also engages this pillar as the programme fails to integrate a gender perspective and apply an intersectional lens, neglecting the predominantly female agricultural workforce's needs and disregarding gender-responsive action.";"Primary: funding_global_action

Channeling land-title improvements exclusively through male household heads contradicts the EU's commitment to promote gender equality in third countries, and the G0 rating signals a failure to implement gender markers in external funding.

Secondary: mainstreaming_intersectionality

The lack of formal tenure rights for women despite their majority presence in the agricultural workforce indicates a failure to apply an intersectional lens that recognises compounding disadvantages based on gender and local customary law.";"Primary: funding_global_action
Secondary: mainstreaming_intersectionality

Because the scenario arises entirely within an EU external-action programming context — and chaptered within a partner country's legal system — it falls under funding_global_action rather than under any internal pillar. However, the G0 marker rating signals a lack of gender-mainstreaming even within that external-acquisition context, engaging mainstreaming_intersectionality as a secondary step."
